AttendeeId,FirstName,LastName,Company,Email,Phone
1,"Lydia","Pollard","Crop Production Services","PGH.Pollard@email.com",""
2,"Moses","Montoya","Crop Production Services","P.Montoya@email.com","2-825-905-1112"
3,"Whilemina","Harper","Crop Production Services","PG.Harper@email.com",""
4,"Malik","Flynn","Crop Production Services","","1-676-136-4538"
5,"Macaulay","Sykes","Helena Chemical Co.","GH.Sykes@email.com","1-231-702-8318"
6,"Zachary","Salinas","Pinnacle Agriculture Holdings","P.Salinas@email.com","2-778-966-5589"
7,"Emry","Magicon","Pinnacle Agriculture Holdings","",""
8,"Emerald","Reid","Pinnacle Agriculture Holdings","PG.Reid@email.com",""
9,"Damon","Morin","Pinnacle Agriculture Holdings","P.Morin@email.com","3-411-607-8413"
10,"Moses","Collins","Pinnacle Agriculture Holdings","G.Collins@email.com","1-735-715-1689"
11,"Camden","Salazar","Pinnacle Agriculture Holdings","","1-759-637-2679"
12,"Camilla","Cruz","Helena Chemical Co.","H.Cruz@email.com","1-836-981-7444"
13,"Larissa","Newman","Simplot Grower Solutions","P.Newman@email.com","2-473-896-5475"
14,"Bernard","Fleming","Simplot Grower Solutions","P.Fleming@email.com",""
15,"Kamal","Boyle","Simplot Grower Solutions","P.Boyle@email.com","2-982-795-5059"
16,"Dale","Brock","Wilbur-Ellis Co.","P.Brock@email.com","2-917-846-3430"
